ASIN,Product,Campaign Name
B08ZJY8D49,"NC Apple Cider Vinegar 500mg, 60 Gummies, Apple Flavored",Apple Cider Vinegar Gummies
B087KJ1XMZ,NC Beef Bone Protein Powder + Multi Collagen (20 Servings),Beef Bone Broth + Collagen Powder
B08YS2TL15,"NC Black Cohosh 540mg, 240 Capsules",Black Cohosh
B08YJ9QHG2,"NC Caffeine + L-Theanine 100mg, 240 Capsules",Caffeine + L-Theanine
B08VRJP54N,"NC Electrolyte Powder, Advanced Hydration Complex, 90 Servings (Orange Mango)",Electrolyte Powder
B08VRKV9KQ,"NC Electrolyte Powder, Advanced Hydration Complex, 90 Servings (Pink Lemonade)",Electrolyte Powder
B08TLH48G6,"NC Himalayan Salt (Himalayan Rock Salt) 325mg, 240 Capsules",Himalayan Salt Capsules
B08Y63621K,NC Kids Elderberry Gummies (50mg) with Zinc & Vitamin C 120 Gummies,Kids Elderberry Gummies
B08Y685HDK,"NC Kids Vitamin D3 Gummies 2,500 IU (62.5mcg), 120 Gummies",Kids Vitamin D3 Gummies
B08RR6ZF17,"NC Licorice Root 500mg, 120 Capsules",Licorice Root Capsules
B08W2S48GK,"NC L-Serine Powder, 113 Servings (.5LB)",L-Serine Powder
B08T6BD57F,"NC Moringa Capsules 500mg, 180 Capsules (90 Servings)",Moringa Capsules
B085VQRHLW,"NC Myrrh Exract Caps 650 MG, 120 Caps",Myrrh Extract Capsules
B08XN8156Z,NC Organic Acacia Fiber Powder (2 LB),Organic Acacia Fiber Powder
B08K3LZ4KL,NC Organic Beet Root Powder 1 LB,Organic Beet Root Powder
B08HSN79KS,NC Organic Blueberry Powder 8oz (227G),Organic Blueberry Powder
B08RRSZ8H6,NC Organic Inulin Powder 1LB (454 Grams) 7.5 Grams of Fiber Per Serving,Organic Inulin Powder
B08W8BNRK2,NC Organic Kelp Powder (Natural Source of Iodine) 1 LB,Organic Kelp Powder
B08TCJV26B,NC Organic Matcha Powder (Ceremonial Grade) 2oz,Organic Matcha Powder (Ceremonial)
B08MB7GF4X,NC Organic Matcha Powder (Culinary Grade) 8oz,Organic Matcha Powder (Culinary)
B08XKHB7S8,NC Organic Pineapple Powder (8 OZ),Organic Pineapple Powder
B08TQVDGYT,NC Organic Pomegranate Powder 1 LB,Organic Pomegranate Powder
B08TQVBXQP,NC Organic Pomegranate Powder 8oz,Organic Pomegranate Powder
B08FV67QNK,"NC Organic Shiitake Mushroom Caps 1000mg, 90 Servings",Orgaic Shiitake Mushroom Capsules
B08CMG5VHP,NC Peanut Butter Powder,Peanut Butter Powder
B08XYDDXDC,"NC Phosphatidylserine 400mg, 120 Capsules",Phosphatidylserine Capsules
B08M13P9XZ,NC Potassium Bicarbonate Powder 1 LB,Potassim Bicarbonate Powder
B08M142Z2J,NC Potassium Bicarbonate Powder 2 LB,Potassim Bicarbonate Powder
B015HYTM1Q,"NC Saw Palmetto Extract 400mg, 180 Caps",Saw Palmetto Extract Capsules
B08TR232JH,"NC Slippery Elm Bark Capsules 1000mg Per Serving, 120 Capsules",Slippery Elm Bark Capsules
B08M4FZJ4Z,NC Sodium Bicarbonate (2 LB),Sodium Bicarbonate Powder
B08WVLL9WN,"NC Stim-Free Pre-Workout, 30 Servings (Pink Lemonade)",Stim-Free Pre-Workout Powder
B08Z6CPV35,"NC White Willow Bark 400mg, 240 Capsules",White Willow Bark Capules
B08ZCLK948,"NC P5P Vitamin B6 Supplement 100mg, 240 Capsules (Pyridoxal-5-Phosphate)",P5P Vitamin B6 Capsules
B08RN2G6RK,NC Keto BHB Pills (Beta Hydroxybutyrate) 120 Caps,Keto BHB Pills
B0914RRNKZ,"NC Blueberry Extract 6000mg Strength, 180 Caps",Blueberry Extract Capsules
B08XN5KRG7,"NC Burdock Root 500mg, 120 Caps",Burdock Root Capsules
B08Y5XXYBS,Nutricost Organic Turmeric Powder 1 LB (16oz),Organic Turmeric Powder
B08X9ZFRTN,Nutricost Organic Broccoli Powder (8 OZ),Organic Broccoli Powder
B092HQK9MZ,"Nutricost Iron (As Ferrous Sulfate) 65mg, 240 Tablets",Iron (Ferrous Sulfate) Tablets
B091X599G8,"Nutricost L-Serine 500mg, 120 Capsules, 120 Servings",L-Serine Capules
B0916P9F22,Nutricost Organic Noni Capsules 500mg 240 Capsules,Organic Noni Capsules
B08YJ1PZ5W,"Nutricost Olive Leaf (20% Oleuropein) 750 MG, 90 Capsules",Olive Oil Capsules
B094XMC514,"Nutricost Choline Bitartrate 650mg, 240 Vegetarian Capsules",Choline Bitartrate Capsules
B096H1K287,Nutricost Sodium Citrate Powder 2LB (32oz),Sodium Citrate Powder
B096GCPMKT,"Nutricost Sodium Chloride 1000mg, 240 Tablets",Sodium Chloride Tablets
B096H53R7M,Nutricost Organic Moringa Powder 1LB (16oz),Organic Moringa Powder
B096N4WNS7,"Nutricost Zinc 50mg, 90 Tablets",Zinc Tablets
B08XYCMYQ9,"NC Grapefruit Seed Extract 2,000mg, 120 Vegetarian Capsules",Grapefruit Seed Extract Capsules